termino,tfidf_medio,frecuencia
other,0.0915072530289043,108
net,0.08054045811942433,85
assets,0.07219448676983813,62
liabilities,0.0590958324770907,36
expenses,0.05497027834775021,45
operating,0.053446146946562384,36
fima,0.048857950116099676,74
efficiency,0.048542439642682136,14
ratio,0.04683333058139747,22
loans,0.046642190406148906,39
interest,0.04576705743905335,46
financing,0.045575633930647654,40
information,0.044496543832690645,65
naranja,0.043945369538368514,62
seguros,0.04291807748832903,60
deposits,0.041143205071099406,34
total,0.04021910802717025,42
fondos,0.03948801195729887,27
changes,0.03935857122585974,58
relevant,0.03891166853573522,56
results,0.03865704333845852,28
esg,0.03852423810433365,56
regulatory,0.03833936604063148,56
loan,0.03694129659925961,26
roe,0.03599364490292931,15
non,0.03587453770084312,25
pesos,0.035503059450309675,50
sector,0.03305236832231179,27
variation,0.03162895378483132,39
decrease,0.02997764303586694,29
securities,0.02955304772594911,29
glossaryfondos,0.029407828183275836,31
foreign,0.029083265607965914,29
private,0.028331655805265483,19
result,0.0281491943874108,25
higher,0.027489404826111053,21
increase,0.027430043450489487,21
currency,0.027139747720410067,27
millions,0.026880284395386204,31
losses,0.02667263717798564,15
except,0.02654505695199487,30
noted,0.02654505695199487,30
otherwise,0.02654505695199487,30
glossarygalicia,0.025832715263155063,15
attributable,0.025809792690134083,15
compared,0.02560227421174139,23
second,0.024653913928314522,24
provisions,0.023284956745189055,18
comprehensive,0.02310468697752447,10
capital,0.02271225748788383,18
roa,0.02259339780120047,7
june,0.02233770587916064,19
thousands,0.02226587172759547,8
same,0.022115358582114875,20
negotiable,0.021428850114651163,11
accounts,0.021304526296859517,14
due,0.021202924663055733,16
charge,0.0206646672424572,9
risk,0.020607482290986287,16
credit,0.020580662426282474,17
tax,0.020472221118237842,12
bank,0.02038750085812478,19
profitability,0.02034641852567927,3
lower,0.020293049045197194,15
average,0.020154030513495663,15
glossary,0.020141860346586212,9
share,0.020034627184373877,8
accrual,0.019874548430613287,11
instruments,0.019442489096793657,16
obligations,0.019418717434165837,10
time,0.019311914601555923,15
allowance,0.019123639043229702,11
insurance,0.01904705569297154,13
market,0.018986064735258417,9
equity,0.018903622582435838,9
than,0.018716931597777306,13
portfolio,0.018098126145979738,12
period,0.018094093543664834,11
fee,0.017659344474892823,13
reached,0.017556762503870445,16
registering,0.017476551307895147,16
margin,0.0173381308877606,4
year,0.01728504225573328,15
selected,0.01727374819725428,7
mainly,0.01717893845461718,12
fees,0.017011279865134496,11
balance,0.016999484823619484,10
coverage,0.016737793286913712,9
previous,0.01670141684261345,14
cash,0.016570909341856517,9
banks,0.01645683774538182,9
statement,0.016223779687333288,10
cost,0.01622222073568043,10
administrative,0.015913526433205788,12
differences,0.015247370788869303,13
quotation,0.015247370788869303,13
sheet,0.014816822439174995,7
loss,0.014809723216551746,10
management,0.014713409302781366,5
debt,0.01464241820716551,8
employees,0.01461911498202874,5
highlights,0.01461911498202874,5
digital,0.014597091475411722,7
quality,0.01402348764554412,6
government,0.01395461912751245,11
guarantees,0.013852272465087256,8
shareholders,0.013779356717291469,7
combined,0.01367868044404655,4
amounted,0.013522165144630033,7
under,0.013501971129175491,5
deposit,0.013500265278649809,8
personnel,0.013465556113314979,10
investments,0.013375579275259763,6
consequence,0.013228139441226142,9
through,0.013047829607332539,10
com,0.013009086499122089,5
recorded,0.012978496045840756,7
gold,0.012940108809108071,8
rate,0.012903519658855772,9
yield,0.012658691285395216,11
argentine,0.012431582287829906,12
cards,0.012046134151098979,7
represented,0.01195768602497751,7
position,0.011900896022629927,9
clients,0.011896531465231713,5
liquidity,0.011614212175921157,9
gfg,0.011592632602786581,6
avg,0.011587641891489383,10
bce,0.011587641891489383,10
gfgsa,0.01132344747865768,3
channels,0.011238552591972597,4
interests,0.010974054291430713,6
contracts,0.010847604019891745,4
charged,0.010835594957940065,5
entities,0.010785127266631991,7
annualized,0.010730573967083549,6
offset,0.010672913501510612,9
sale,0.010592909305829023,6
companies,0.010522801788505322,4
monetary,0.010507385262610398,7
registered,0.010318295057222962,7
purchases,0.009948329990014276,4
ratios,0.00990150204613631,5
allowances,0.009899056475068196,5
bearing,0.009867119926053828,7
public,0.009707229406242605,10
earning,0.009694063976515068,9
central,0.009668237451803736,10
liquid,0.009510381944443874,4
adjustments,0.009489097838300764,6
services,0.009353841808721163,5
premises,0.009267255076535374,4
property,0.009267255076535374,4
intangible,0.009267255076535374,4
equipment,0.009267255076535374,4
transactions,0.009181149102224916,7
leases,0.00913040212069162,5
bcra,0.008987050655933545,10
available,0.008945475713978544,4
argentina,0.008750918976503597,5
branches,0.008704924938448967,3
banco,0.008674754739527835,6
national,0.008655737473148725,7
repurchase,0.008609178382267,7
date,0.008598152439654585,7
experience,0.008586099182914003,4
dividends,0.008498093378672977,3
npl,0.008464394863344629,4
mutual,0.00841341082312766,3
includes,0.008370809523950284,5
since,0.008358228821002187,2
card,0.008341296058773345,4
saving,0.008319795915317032,5
percentages,0.008305858390164293,3
subordinated,0.008288500801346813,4
holding,0.008276812444744434,3
made,0.008180908097495887,5
associates,0.00811406909225188,5
joint,0.00811406909225188,5
return,0.00808843914063204,2
fund,0.008058291885023902,7
llc,0.008057317976342083,3
related,0.00805602903710853,5
profit,0.008042421969516064,4
those,0.007971885616960803,4
devaluations,0.007833737646113092,6
renta,0.00777342793546726,4
controlling,0.007746336256748229,4
promissory,0.007672524481801396,4
notes,0.007672524481801396,4
agreement,0.007604477087922018,5
adjusted,0.007595175475830212,6
products,0.007591971775017238,4
balances,0.007557588624267693,6
www,0.007544536385095631,4
sura,0.007527698892879465,2
off,0.007484798739468564,4
funds,0.007321122099963361,2
nera,0.007158067114212305,3
inflation,0.007084823156992906,5
exposure,0.007013093192832579,6
depreciations,0.006907687620223491,5
solutions,0.006879683344063674,3
each,0.006877222434740206,5
them,0.006873056910997567,3
july,0.00685020305789354,4
oci,0.006841801929646231,3
gain,0.006839654524027856,2
value,0.006819097811413829,7
comprenhensive,0.006795735501258228,4
price,0.00677519942345601,5
index,0.00677519942345601,5
main,0.006698039465822333,3
rates,0.006656413258656464,6
call,0.006612241723562943,5
business,0.006576716605174772,4
exchange,0.00655541643795304,5
nominal,0.006506387306605558,5
individuals,0.006492105701180523,2
wide,0.006492105701180523,2
direct,0.006439942377616882,3
offs,0.006439942377616882,3
ventures,0.006435801587581847,3
plus,0.006407805509290053,4
been,0.006369331514822675,2
access,0.006335226297688011,2
bills,0.006303948345744316,6
personal,0.006232147877355124,3
turnover,0.0062205432290862745,4
items,0.006167386881968836,5
said,0.0061519910431343874,4
volume,0.006095835585211703,4
development,0.006088555579720736,3
points,0.0060269582106265325,2
green,0.0060210310435883435,5
charges,0.00601349537584316,3
amount,0.005991570625256681,3
being,0.005938906403705187,2
asset,0.005883542202909991,4
overdrafts,0.005877901895209167,4
provides,0.0058775653937440595,2
commitment,0.0058775653937440595,2
multiple,0.005861195388780063,1
agents,0.005861195388780063,1
distributed,0.005861195388780063,1
managing,0.005861195388780063,1
company,0.0058584557014287435,4
sudamericana,0.005843459848582048,2
dólares,0.005830070951600447,3
acciones,0.005830070951600447,3
mix,0.005830070951600447,3
agricultural,0.005806570056606633,2
creditors,0.005790366186129628,2
certain,0.005730954168391379,4
safe,0.0057252876447751845,3
unused,0.005615139389257273,3
requirement,0.005609157538313614,4
activity,0.0055795081829120696,2
yields,0.005530676560015375,5
investment,0.005529245877673253,3
country,0.005481245499761236,2
customer,0.005481245499761236,2
billions,0.00547869785119366,1
life,0.0053918712680538945,3
analysis,0.005345869060742588,3
august,0.005316332712356998,3
minimum,0.005307453908620373,5
term,0.00527197404294978,2
grow,0.005253370759131297,2
uva,0.005247338765829486,3
generated,0.0052279946989695104,3
who,0.005214825460615599,2
want,0.005214825460615599,2
bundles,0.0051472411903884545,3
issued,0.005135120795175085,4
depreciation,0.005094874403817868,3
totaled,0.005080366722831528,2
promote,0.005073073321676122,3
money,0.005045152693473005,2
businesses,0.0049556620472558195,3
increased,0.004938416013075786,4
communication,0.004913671478252222,5
day,0.004887511830328061,4
end,0.004867569347712802,3
included,0.004841193684654557,4
environmental,0.004816824834870675,4
mendoza,0.004816824834870675,4
sustainability,0.004816824834870675,4
institutions,0.0048140751080671665,4
transactional,0.004755190972221937,2
percentage,0.004755190972221937,2
options,0.004691741087130878,4
granted,0.0046881346304261965,3
high,0.004684690246699198,3
amortized,0.004675395461888387,4
fair,0.004675395461888387,4
collections,0.004633867951168486,2
underwriting,0.004630922279577036,3
sustainable,0.004615412417732171,3
one,0.0046055880088309116,3
byma,0.004552674688618503,3
nasdaq,0.004552674688618503,3
claims,0.004552172435272657,3
subsidiaries,0.004523232191442824,2
into,0.004510880057921232,2
trade,0.004438743945526686,2
recovered,0.0043956525803231835,2
beginning,0.0043956525803231835,2
effect,0.0043956525803231835,2
bad,0.0043956525803231835,2
devaluation,0.004380944971460497,2
months,0.004369360342836134,3
annual,0.004359429144109113,3
all,0.0042576614251383866,3
contribution,0.004235940439811544,3
computable,0.004206868153735211,3
tier,0.004206868153735211,3
allocated,0.004206868153735211,3
excess,0.004206868153735211,3
forward,0.004194928473409193,2
premium,0.004097377732116863,3
respectively,0.004085274206343612,2
acquisition,0.00408391335409602,3
directors,0.004067366744977751,2
consolidated,0.004056937519687102,1
earned,0.004054896675982777,3
badlar,0.004045610844014699,2
shareholder,0.00404421957031602,1
profits,0.00404421957031602,1
cer,0.004035619224894873,4
customers,0.004016682325374743,2
technological,0.00398204341089123,2
parent,0.003981296854947588,2
owners,0.003981296854947588,2
operations,0.003907709705088498,3
fija,0.00388671396773363,2
ahorro,0.00388671396773363,2
pre,0.003836262240900698,2
mortgage,0.003836262240900698,2
pledge,0.003836262240900698,2
purchase,0.003833108654494019,3
boxes,0.0038177895283983704,2
rental,0.0038177895283983704,2
research,0.0038160739703851487,3
buenos,0.0038082844041859294,2
aires,0.0038082844041859294,2
smes,0.0038014928775041007,1
large,0.0038014928775041007,1
group,0.0038014928775041007,1
facilitate,0.0038014928775041007,1
network,0.0038014928775041007,1
client,0.0038014928775041007,1
needs,0.0038014928775041007,1
member,0.0038014928775041007,1
adapted,0.0038014928775041007,1
began,0.0038014928775041007,1
reflected,0.0038014928775041007,1
commercial,0.0038014928775041007,1
marketing,0.0038014928775041007,1
may,0.003790805352508868,4
asg,0.0037744824928858927,1
web,0.0037744824928858927,1
inversores,0.0037744824928858927,1
mail,0.0037744824928858927,1
phone,0.0037744824928858927,1
contact,0.0037744824928858927,1
polices,0.0037638494464397325,1
fourth,0.0037638494464397325,1
consolidates,0.0037638494464397325,1
agencies,0.0037638494464397325,1
receivables,0.003751116300549303,2
their,0.003749645932743196,2
will,0.003666927208695468,4
representing,0.0036404511277426535,3
finance,0.0036126186261530063,3
repairment,0.0036070321513374686,2
maintenance,0.0036070321513374686,2
compensations,0.0036070321513374686,2
goods,0.0036070321513374686,2
taxes,0.0036070321513374686,2
people,0.0035243825069472784,2
measured,0.0035065465964162893,3
leliq,0.0035065465964162893,3
taking,0.0034612509844275446,1
consideration,0.0034612509844275446,1
launched,0.003453387169809852,2
reaching,0.003397867750629114,2
last,0.0033941498352250384,3
works,0.003364061353166599,1
focuses,0.003364061353166599,1
distribution,0.003364061353166599,1
controlled,0.003364061353166599,1
markets,0.003364061353166599,1
efficiently,0.003364061353166599,1
range,0.003364061353166599,1
growth,0.003364061353166599,1
assisted,0.003364061353166599,1
defines,0.003364061353166599,1
strategic,0.003364061353166599,1
transformation,0.003364061353166599,1
throughout,0.003364061353166599,1
successful,0.003364061353166599,1
achieve,0.003364061353166599,1
communications,0.003351279014089081,3
holdings,0.0032919850287992445,2
wholesale,0.0032651564518120517,2
consumer,0.0032651564518120517,2
statistics,0.0032651564518120517,2
indec,0.0032651564518120517,2
republic,0.0032651564518120517,2
institute,0.0032651564518120517,2
reference,0.0032651564518120517,2
ipc,0.0032651564518120517,2
censuses,0.0032651564518120517,2
reduction,0.0031942909827497347,2
accessible,0.0031909083077384477,1
argentines,0.0031909083077384477,1
assists,0.0031909083077384477,1
tools,0.0031909083077384477,1
easily,0.0031909083077384477,1
world,0.0031909083077384477,1
entity,0.0031909083077384477,1
use,0.0031909083077384477,1
possibilities,0.0031909083077384477,1
creates,0.0031909083077384477,1
financials,0.0031909083077384477,1
challenge,0.0031909083077384477,1
help,0.0031909083077384477,1
fintech,0.0031909083077384477,1
simple,0.0031909083077384477,1
improve,0.0031909083077384477,1
providing,0.0031909083077384477,1
biggest,0.0031909083077384477,1
before,0.0031745622736899927,2
version,0.003035116459079002,2
interpretation,0.003035116459079002,2
officer,0.003035116459079002,2
financiero,0.003035116459079002,2
original,0.003035116459079002,2
must,0.003035116459079002,2
start,0.003035116459079002,2
spanish,0.003035116459079002,2
while,0.0029901306103962827,2
miscellaneous,0.0029713836745266344,1
withdrawals,0.0029292278507143717,2
incurred,0.0029292278507143717,2
annuities,0.0029292278507143717,2
general,0.0029292278507143717,2
third,0.002895183093064814,1
parties,0.002895183093064814,1
account,0.002895183093064814,1
established,0.002843104014381651,3
limits,0.002843104014381651,3
fiscal,0.002843104014381651,3
excluded,0.002843104014381651,3
until,0.002843104014381651,3
starting,0.0028326977928909915,1
april,0.0028326977928909915,1
maturing,0.0028326977928909915,1
meeting,0.0028326977928909915,1
class,0.0028326977928909915,1
approved,0.0028326977928909915,1
additionally,0.0028326977928909915,1
xxx,0.0028326977928909915,1
xiv,0.0028326977928909915,1
obligation,0.0028326977928909915,1
equivalent,0.0027762604626930553,3
over,0.0027496381552763564,2
assest,0.002697687363254418,1
regionales,0.0026857726587806944,1
savings,0.0026857726587806944,1
agri,0.0026857726587806944,1
board,0.0026857726587806944,1
opportunities,0.0026857726587806944,1
igam,0.0026857726587806944,1
inc,0.0026857726587806944,1
tarjetas,0.0026857726587806944,1
inviu,0.0026857726587806944,1
tech,0.0026857726587806944,1
accordance,0.002645428215595112,2
suppliers,0.0026074127303077994,1
way,0.0026074127303077994,1
entrepreneurial,0.0026074127303077994,1
per,0.0026074127303077994,1
easy,0.0026074127303077994,1
reach,0.0026074127303077994,1
producers,0.0026074127303077994,1
payment,0.0026074127303077994,1
spirit,0.0026074127303077994,1
agile,0.0026074127303077994,1
alternatives,0.0026074127303077994,1
ecosystem,0.0026074127303077994,1
connecting,0.0026074127303077994,1
within,0.0026074127303077994,1
reversals,0.0025952777593739383,1
respect,0.002516975391963613,2
agreements,0.0024926465814522226,2
premiums,0.002484876674687973,2
allow,0.0024659617188084355,2
municipality,0.0024084124174353376,2
city,0.0024084124174353376,2
aims,0.0024084124174353376,2
present,0.0024084124174353376,2
projects,0.0024084124174353376,2
where,0.0024084124174353376,2
bond,0.0024084124174353376,2
issues,0.0024084124174353376,2
week,0.0024084124174353376,2
correspondent,0.0023775954861109685,1
escrow,0.0023775954861109685,1
overnight,0.0023775954861109685,1
placements,0.0023775954861109685,1
first,0.002361526318356461,2
amounting,0.0023567969448346463,1
level,0.0023567969448346463,1
ifrs,0.0023567969448346463,1
excluding,0.0023376977309441933,2
dual,0.0023376977309441933,2
lediv,0.0023376977309441933,2
bono,0.0023376977309441933,2
derecognition,0.0023353275675300463,1
derivative,0.0023353275675300463,1
denominator,0.0023175283782978767,2
using,0.0023175283782978767,2
calculated,0.0023175283782978767,2
does,0.0023175283782978767,2
include,0.0023175283782978767,2
export,0.002303852127732495,1
sales,0.0022947553136732435,1
global,0.0022947553136732435,1
current,0.002262420671538136,1
funding,0.002262420671538136,1
against,0.0022563510330787027,1
debts,0.0022563510330787027,1
collection,0.002219371972763343,1
collected,0.002219371972763343,1
utility,0.002219371972763343,1
expenditures,0.002219371972763343,1
generate,0.0021500255082042303,2
they,0.0021314583124727965,1
basis,0.0021314583124727965,1
integration,0.0021291288402084272,2
operational,0.0021291288402084272,2
financings,0.0019863123446303746,1
considering,0.0019863123446303746,1
preferred,0.0019863123446303746,1
without,0.0019863123446303746,1
recording,0.0019863123446303746,1
number,0.001984301257905265,2
days,0.001984301257905265,2
part,0.0019496623434217507,2
latinoamericanas,0.001943356983866815,1
pymes,0.001943356983866815,1
internacional,0.001943356983866815,1
sustentable,0.001943356983866815,1
abierto,0.001943356983866815,1
exports,0.001930358834860068,1
accrued,0.001930358834860068,1
receivable,0.001930358834860068,1
residents,0.001930358834860068,1
documented,0.001930358834860068,1
abroad,0.001930358834860068,1
decreases,0.001930358834860068,1
breakdown,0.001930358834860068,1
contract,0.001895402676254434,2
termination,0.001895402676254434,2
lecap,0.001895402676254434,2
passive,0.001895402676254434,2
acquired,0.001895402676254434,2
lefi,0.001895402676254434,2
new,0.001895402676254434,2
agreed,0.001895402676254434,2
stationery,0.0018035160756687343,1
promotion,0.0018035160756687343,1
union,0.0018035160756687343,1
hired,0.0018035160756687343,1
supplies,0.0018035160756687343,1
syndics,0.0018035160756687343,1
publicity,0.0018035160756687343,1
staff,0.0018035160756687343,1
office,0.0018035160756687343,1
rewards,0.0018035160756687343,1
electricity,0.0018035160756687343,1
salary,0.0018035160756687343,1
security,0.0018035160756687343,1
unit,0.0016325782259060259,1
greater,0.0016325782259060259,1
source,0.0016325782259060259,1
amounts,0.0016325782259060259,1
averages,0.0016325782259060259,1
ipim,0.0016325782259060259,1
quartely,0.0016325782259060259,1
internal,0.0016325782259060259,1
published,0.0016325782259060259,1
affected,0.0016188819864155313,1
negatively,0.0016188819864155313,1
however,0.0016188819864155313,1
read,0.001517558229539501,1
economies,0.001517558229539501,1
firvida,0.001517558229539501,1
eastern,0.001517558229539501,1
above,0.001517558229539501,1
please,0.001517558229539501,1
well,0.001517558229539501,1
ended,0.001517558229539501,1
join,0.001517558229539501,1
readers,0.001517558229539501,1
booked,0.001517558229539501,1
scheduled,0.001517558229539501,1
filed,0.001517558229539501,1
expressed,0.001517558229539501,1
should,0.001517558229539501,1
announced,0.001517558229539501,1
statements,0.001517558229539501,1
diego,0.001517558229539501,1
ias,0.001517558229539501,1
hyperinflationary,0.001517558229539501,1
conference,0.001517558229539501,1
conjunction,0.001517558229539501,1
rivas,0.001517558229539501,1
translation,0.001517558229539501,1
periodically,0.001517558229539501,1
periods,0.001517558229539501,1
password,0.001517558229539501,1
commission,0.001517558229539501,1
pablo,0.001517558229539501,1
operator,0.001517558229539501,1
transfer,0.001517558229539501,1
chief,0.001517558229539501,1
relations,0.001517558229539501,1
ggal,0.001517558229539501,1
restated,0.001517558229539501,1
referred,0.001517558229539501,1
gob,0.001517558229539501,1
investor,0.001517558229539501,1
therefore,0.001517558229539501,1
written,0.001517558229539501,1
cnv,0.001517558229539501,1
minutes,0.001517558229539501,1
you,0.001517558229539501,1
summary,0.001517558229539501,1
free,0.001517558229539501,1
matters,0.001517558229539501,1
correct,0.001517558229539501,1
condition,0.001517558229539501,1
constant,0.001517558229539501,1
any,0.001517558229539501,1
indicated,0.001517558229539501,1
note,0.001517558229539501,1
leaving,0.0014022893845784036,1
accounting,0.0014022893845784036,1
below,0.0014022893845784036,1
required,0.0014022893845784036,1
turn,0.0014022893845784036,1
disclosed,0.0014022893845784036,1
regulation,0.0014022893845784036,1
capitalization,0.0014022893845784036,1
corresponding,0.0014022893845784036,1
force,0.0014022893845784036,1
applicable,0.0014022893845784036,1
presented,0.0014022893845784036,1
worth,0.0014022893845784036,1
weighted,0.0014022893845784036,1
adjustment,0.0014022893845784036,1
application,0.0014022893845784036,1
likewise,0.0013757805512051946,1
relation,0.0013757805512051946,1
additional,0.0012424383373439865,1
problems,0.0012424383373439865,1
categories,0.0012424383373439865,1
uncollectible,0.0012424383373439865,1
login,0.0012424383373439865,1
insolvency,0.0012424383373439865,1
following,0.0012424383373439865,1
medium,0.0012424383373439865,1
classified,0.0012424383373439865,1
classification,0.0012424383373439865,1
divided,0.0012424383373439865,1
agenda,0.0012042062087176688,1
spaces,0.0012042062087176688,1
knowledge,0.0012042062087176688,1
how,0.0012042062087176688,1
pro,0.0012042062087176688,1
producing,0.0012042062087176688,1
countries,0.0012042062087176688,1
energy,0.0012042062087176688,1
addition,0.0012042062087176688,1
used,0.0012042062087176688,1
enhance,0.0012042062087176688,1
label,0.0012042062087176688,1
latin,0.0012042062087176688,1
proceeds,0.0012042062087176688,1
joined,0.0012042062087176688,1
carbon,0.0012042062087176688,1
focused,0.0012042062087176688,1
aimed,0.0012042062087176688,1
plan,0.0012042062087176688,1
promoted,0.0012042062087176688,1
transaction,0.0012042062087176688,1
placement,0.0012042062087176688,1
issuer,0.0012042062087176688,1
academic,0.0012042062087176688,1
svs,0.0012042062087176688,1
universities,0.0012042062087176688,1
commitments,0.0012042062087176688,1
shared,0.0012042062087176688,1
municipal,0.0012042062087176688,1
together,0.0012042062087176688,1
led,0.0012042062087176688,1
transition,0.0012042062087176688,1
ngos,0.0012042062087176688,1
installation,0.0012042062087176688,1
innovative,0.0012042062087176688,1
organizer,0.0012042062087176688,1
towards,0.0012042062087176688,1
mujer,0.0012042062087176688,1
low,0.0012042062087176688,1
outreach,0.0012042062087176688,1
area,0.0012042062087176688,1
gli,0.0012042062087176688,1
drive,0.0012042062087176688,1
invest,0.0012042062087176688,1
change,0.0012042062087176688,1
placed,0.0012042062087176688,1
photovoltaic,0.0012042062087176688,1
discuss,0.0012042062087176688,1
challenges,0.0012042062087176688,1
buildings,0.0012042062087176688,1
centers,0.0012042062087176688,1
require,0.0012042062087176688,1
networks,0.0012042062087176688,1
america,0.0012042062087176688,1
idb,0.0012042062087176688,1
hashtag,0.0012042062087176688,1
economy,0.0012042062087176688,1
edition,0.0012042062087176688,1
agent,0.0012042062087176688,1
gender,0.0012042062087176688,1
metropolitan,0.0012042062087176688,1
exclusive,0.0012042062087176688,1
social,0.0012042062087176688,1
fove,0.0012042062087176688,1
foroglilatam,0.0012042062087176688,1
scientific,0.0012042062087176688,1
applied,0.0012042062087176688,1
enable,0.0012042062087176688,1
forum,0.0012042062087176688,1
more,0.0012042062087176688,1
met,0.0012042062087176688,1
modules,0.0012042062087176688,1
conversations,0.0012042062087176688,1
justified,0.0011821530438673648,1
would,0.0011688488654720967,1
valued,0.0011688488654720967,1
certificates,0.0011688488654720967,1
brokerage,0.0011688488654720967,1
requirements,0.0011688488654720967,1
trust,0.0011688488654720967,1
participation,0.0011688488654720967,1
instead,0.0011688488654720967,1
resulting,0.0011688488654720967,1
excludes,0.0011688488654720967,1
complies,0.0011688488654720967,1
constitutes,0.0011688488654720967,1
twelve,0.0011688488654720967,1
accumulated,0.000947701338127217,1
whose,0.000947701338127217,1
upon,0.000947701338127217,1
align,0.000947701338127217,1
also,0.000947701338127217,1
terminated,0.000947701338127217,1
terminating,0.000947701338127217,1
these,0.000947701338127217,1
subscribed,0.000947701338127217,1
such,0.000947701338127217,1
suspended,0.000947701338127217,1
suspension,0.000947701338127217,1
standards,0.000947701338127217,1
state,0.000947701338127217,1
section,0.000947701338127217,1
sell,0.000947701338127217,1
settlement,0.000947701338127217,1
secondary,0.000947701338127217,1
arrangement,0.000947701338127217,1
round,0.000947701338127217,1
rules,0.000947701338127217,1
transfers,0.000947701338127217,1
treasury,0.000947701338127217,1
reported,0.000947701338127217,1
rescinded,0.000947701338127217,1
recognizes,0.000947701338127217,1
basel,0.000947701338127217,1
remaining,0.000947701338127217,1
primarily,0.000947701338127217,1
proportional,0.000947701338127217,1
capitalizable,0.000947701338127217,1
possibility,0.000947701338127217,1
own,0.000947701338127217,1
paid,0.000947701338127217,1
offer,0.000947701338127217,1
operation,0.000947701338127217,1
close,0.000947701338127217,1
modified,0.000947701338127217,1
local,0.000947701338127217,1
holders,0.000947701338127217,1
according,0.000947701338127217,1
